Date, ISIN, Scrip Name, NSE Symbol, MWPL, NSE Open Interest
27-APR-2018,INE036A01016,RELIANCE INFRASTRUCTU LTD,RELINFRA,25758335,9843600
27-APR-2018,INE318A01026,PIDILITE INDUSTRIES LTD,PIDILITIND,31187365,1476000
27-APR-2018,INE208A01029,ASHOK LEYLAND LTD,ASHOKLEY,285288768,70154000
27-APR-2018,INE151A01013,TATA COMMUNICATIONS LTD,TATACOMM,14253357,6246400
27-APR-2018,INE326A01037,LUPIN LIMITED,LUPIN,47899562,15280800
27-APR-2018,INE935A01035,GLENMARK PHARMACEUTICALS,GLENMARK,30171874,5335200
27-APR-2018,INE406A01037,AUROBINDO PHARMA LTD,AUROPHARMA,56391295,22452800
27-APR-2018,INE217B01036,KAJARIA CERAMICS LTD,KAJARIACER,16662353,1790400
27-APR-2018,INE049B01025,WOCKHARDT LIMITED,WOCKPHARMA,5701425,3940200
27-APR-2018,INE115A01026,LIC HOUSING FINANCE LTD,LICHSGFIN,60244101,13653200
27-APR-2018,INE814H01011,ADANI POWER LTD,ADANIPOWER,219450275,102080000
27-APR-2018,INE012A01025,ACC LIMITED,ACC,17078428,1685600
27-APR-2018,INE026A01025,GUJ STATE FERT & CHEM LTD,GSFC,49535525,18909000
27-APR-2018,INE868B01028,NCC LIMITED,NCC,98374421,31672000
27-APR-2018,INE522D01027,MANAPPURAM FINANCE LTD,MANAPPURAM,110022536,18258000
27-APR-2018,INE692A01016,UNION BANK OF INDIA,UNIONBANK,76131760,33796000
27-APR-2018,INE503A01015,DCB BANK LIMITED,DCBBANK,52340251,9418500
27-APR-2018,INE213A01029,OIL AND NATURAL GAS CORP.,ONGC,828640584,44021250
27-APR-2018,INE216A01022,BRITANNIA INDUSTRIES LTD,BRITANNIA,11837250,903600
27-APR-2018,INE361B01024,DIVI'S LABORATORIES LTD,DIVISLAB,25447469,2528800
27-APR-2018,INE018A01030,LARSEN & TOUBRO LTD.,LT,274751315,15486000
27-APR-2018,INE733E01010,NTPC LTD,NTPC,622127827,41292000
27-APR-2018,INE260B01028,GODFREY PHILLIPS INDIA LT,GODFRYPHLP,2891826,648000
27-APR-2018,INE271C01023,DLF LIMITED,DLF,89392781,53060000
27-APR-2018,INE094A01015,HINDUSTAN PETROLEUM CORP,HINDPETRO,148995450,36601425
27-APR-2018,INE721A01013,SHRIRAM TRANSPORT FIN CO.,SRTRANSFIN,33541942,4232400
27-APR-2018,INE119A01028,BALRAMPUR CHINI MILLS LTD,BALRAMCHIN,27761506,18340000
27-APR-2018,INE647A01010,SRF LTD,SRF,5468800,589000
27-APR-2018,INE192A01025,TATA GLOBAL BEVERAGES LTD,TATAGLOBAL,78673394,30813750
27-APR-2018,INE139A01034,NATIONAL ALUMINIUM CO LTD,NATIONALUM,153842355,55064000
27-APR-2018,INE030A01027,HINDUSTAN UNILEVER LTD.,HINDUNILVR,142013142,10010400
27-APR-2018,INE084A01016,BANK OF INDIA,BANKINDIA,55436059,30372000
27-APR-2018,INE776C01039,GMR INFRASTRUCTURE LTD.,GMRINFRA,459279245,320445000
27-APR-2018,INE020B01018,RURAL ELEC CORP. LTD.,RECLTD,164647843,46068000
27-APR-2018,INE542F01012,RELIANCE NAVAL & ENGG LTD,RNAVAL,101950648,60687000
27-APR-2018,INE749A01030,JINDAL STEEL & POWER LTD,JINDALSTEL,80032468,41238000
27-APR-2018,INE775A01035,MOTHERSON SUMI SYSTEMS LT,MOTHERSUMI,161153025,13505600
27-APR-2018,INE171A01029,FEDERAL BANK LTD,FEDERALBNK,386685632,71962000
27-APR-2018,INE686F01025,UNITED BREWERIES LTD,UBL,14094534,991200
27-APR-2018,INE280A01028,TITAN COMPANY LIMITED,TITAN,83616848,14077500
27-APR-2018,INE140A01024,PIRAMAL ENTERPRISES LTD,PEL,17203178,1912566
27-APR-2018,INE787D01026,BALKRISHNA IND. LTD,BALKRISIND,16124234,1166400
27-APR-2018,INE296A01024,BAJAJ FINANCE LIMITED,BAJFINANCE,51242855,5223500
27-APR-2018,INE066A01013,EICHER MOTORS LTD,EICHERMOT,2694904,212825
27-APR-2018,INE034A01011,ARVIND LIMITED,ARVIND,29523635,6792000
27-APR-2018,INE242A01010,INDIAN OIL CORP LTD,IOC,835674696,48111000
27-APR-2018,INE129A01019,GAIL (INDIA) LTD,GAIL,206359563,13436346
27-APR-2018,INE148I01020,INDIABULLS HSG FIN LTD,IBULHSGFIN,64539423,12201200
27-APR-2018,INE003A01024,SIEMENS LTD,SIEMENS,17806068,1398500
27-APR-2018,INE010B01027,CADILA HEALTHCARE LIMITED,CADILAHC,51610474,7929600
27-APR-2018,INE092A01019,TATA CHEMICALS LTD,TATACHEM,35256784,6498750
27-APR-2018,INE301A01014,RAYMOND LTD,RAYMOND,6865638,5604000
27-APR-2018,INE886H01027,TV18 BROADCAST LIMITED,TV18BRDCST,129899100,86606500
27-APR-2018,INE093A01033,HEXAWARE TECHNOLOGIES LTD,HEXAWARE,17069121,5010000
27-APR-2018,INE203G01027,INDRAPRASTHA GAS LTD,IGL,77000080,5574250
27-APR-2018,INE423A01024,ADANI ENTERPRISES LIMITED,ADANIENT,55169320,16932000
27-APR-2018,INE237A01028,KOTAK MAHINDRA BANK LTD,KOTAKBANK,266447563,14155200
27-APR-2018,INE238A01034,AXIS BANK LIMITED,AXISBANK,317077263,80377200
27-APR-2018,INE376G01013,BIOCON LIMITED.,BIOCON,45324518,9590400
27-APR-2018,INE434A01013,ANDHRA BANK,ANDHRABANK,52770642,26833000
27-APR-2018,INE465A01025,BHARAT FORGE LTD,BHARATFORG,50517678,8791200
27-APR-2018,INE549A01026,HINDUSTAN CONSTRUCTION CO,HCC,99628765,43770000
27-APR-2018,INE121A01016,CHOLAMANDALAM IN & FIN CO,CHOLAFIN,14669536,613000
27-APR-2018,INE599M01018,JUSTDIAL LTD.,JUSTDIAL,8858426,5716200
27-APR-2018,INE202B01012,DEWAN HOUSING FIN CORP LT,DHFL,38121826,28845000
27-APR-2018,INE872A01014,SREI INFRASTRUCTURE FINAN,SREINFRA,39443554,16435000
27-APR-2018,INE683A01023,THE SOUTH INDIAN BANK LTD,SOUTHBANK,361143295,161230965
27-APR-2018,INE141A01014,ORIENTAL BANK OF COMMERCE,ORIENTBANK,28817691,16500000
27-APR-2018,INE257A01026,BHEL,BHEL,271244400,47482500
27-APR-2018,INE205A01025,VEDANTA LIMITED,VEDL,368824690,44168250
27-APR-2018,INE154A01025,ITC LTD,ITC,2433099044,98788800
27-APR-2018,INE885A01032,AMARA RAJA BATTERIES LTD.,AMARAJABAT,16377009,1308300
27-APR-2018,INE079A01024,AMBUJA CEMENTS LTD,AMBUJACEM,143696327,9532500
27-APR-2018,INE134E01011,POWER FIN CORP LTD.,PFC,179973060,84984000
27-APR-2018,INE726G01019,ICICI PRU LIFE INS CO LTD,ICICIPRULI,55373294,5848700
27-APR-2018,INE383A01012,THE INDIA CEMENTS LIMITED,INDIACEM,43899473,28308000
27-APR-2018,INE175A01038,JAIN IRRIGATION SYSTEMS,JISLJALEQS,63776328,40878000
27-APR-2018,INE031B01049,AJANTA PHARMA LIMITED,AJANTPHARM,5155048,869500
27-APR-2018,INE233A01035,GODREJ INDUSTRIES LTD,GODREJIND,16986565,2656500
27-APR-2018,INE917I01010,BAJAJ AUTO LIMITED,BAJAJ-AUTO,29341807,2330500
27-APR-2018,INE001A01036,HDFC LTD,HDFC,319519539,20112500
27-APR-2018,INE274J01014,OIL INDIA LTD,OIL,76871115,3157671
27-APR-2018,INE585B01010,MARUTI SUZUKI INDIA LTD.,MARUTI,26458324,4738950
27-APR-2018,INE028A01039,BANK OF BARODA,BANKBARODA,190333797,59760000
27-APR-2018,INE785M01013,PC JEWELLER LTD,PCJEWELLER,31154143,27765000
27-APR-2018,INE018I01017,MINDTREE LIMITED,MINDTREE,28283870,4670400
27-APR-2018,INE334L01012,UJJIVAN FIN. SERVC. LTD.,UJJIVAN,24121669,5600000
27-APR-2018,INE062A01020,STATE BANK OF INDIA,SBIN,723609099,109317000
27-APR-2018,INE059A01026,CIPLA LTD,CIPLA,99600844,8359000
27-APR-2018,INE939A01011,STRIDES SHASUN LIMITED,STAR,12286055,2035800
27-APR-2018,INE039A01010,IFCI LTD,IFCI,147807447,86196000
27-APR-2018,INE437A01024,APOLLO HOSPITALS ENTER. L,APOLLOHOSP,18257960,814500
27-APR-2018,INE476A01014,CANARA BANK,CANBK,40260000,12564800
27-APR-2018,INE019A01038,JSW STEEL LIMITED,JSWSTEEL,279865360,68259000
27-APR-2018,INE331A01037,THE RAMCO CEMENTS LIMITED,RAMCOCEM,26974244,1249600
27-APR-2018,INE988K01017,EQUITAS HOLDINGS LIMITED,EQUITAS,67941802,24211200
27-APR-2018,INE745G01035,MULTI COMMODITY EXCHANGE,MCX,10171647,4018000
27-APR-2018,INE774D01024,M&M FIN. SERVICES LTD,M&MFIN,59627804,9173750
27-APR-2018,INE092T01019,IDFC BANK LIMITED,IDFCBANK,321312447,215917000
27-APR-2018,INE103A01014,MRPL,MRPL,40018232,6007500
27-APR-2018,INE498L01015,L&T FINANCE HOLDINGS LTD,L&TFH,130867153,40036500
27-APR-2018,INE397D01024,BHARTI AIRTEL LIMITED,BHARTIARTL,262429049,62619500
27-APR-2018,INE802G01018,JET AIRWAYS (INDIA) LTD.,JETAIRWAYS,11132543,7798800
27-APR-2018,INE155A01022,TATA MOTORS LIMITED,TATAMOTORS,367417782,88596000
27-APR-2018,INE029A01011,BHARAT PETROLEUM CORP  LT,BPCL,198231545,19011600
27-APR-2018,INE455I01029,KAVERI SEED CO. LTD.,KSCL,5976433,2347500
27-APR-2018,INE111A01017,CONTAINER CORP OF IND LTD,CONCOR,22032749,1227500
27-APR-2018,INE848E01016,NHPC LTD,NHPC,534367887,42633000
27-APR-2018,INE089A01023,DR. REDDY'S LABORATORIES,DRREDDY,24298939,4934250
27-APR-2018,INE176B01034,HAVELLS INDIA LIMITED,HAVELLS,47952729,7000000
27-APR-2018,INE670A01012,TATA ELXSI LIMITED,TATAELXSI,6904235,2520000
27-APR-2018,INE180A01020,MAX FINANCIAL SERV LTD,MFSL,37416257,2596000
27-APR-2018,INE226A01021,VOLTAS LTD,VOLTAS,46126252,4196000
27-APR-2018,INE761H01022,PAGE INDUSTRIES LTD,PAGEIND,1137517,49800
27-APR-2018,INE347G01014,PETRONET LNG LIMITED,PETRONET,150000017,22029000
27-APR-2018,INE481G01011,ULTRATECH CEMENT LIMITED,ULTRACEMCO,20840132,2010000
27-APR-2018,INE463A01038,BERGER PAINTS (I) LTD,BERGEPAINT,48577345,1892000
27-APR-2018,INE797F01012,JUBILANT FOODWORKS LTD,JUBLFOOD,7201297,3058000
27-APR-2018,INE002A01018,RELIANCE INDUSTRIES LTD,RELIANCE,647408577,68683000
27-APR-2018,INE482A01020,CEAT LIMITED,CEATLTD,3983269,1984150
27-APR-2018,INE467B01029,TATA CONSULTANCY SERV LT,TCS,101186831,9345500
27-APR-2018,INE263A01024,BHARAT ELECTRONICS LTD,BEL,163534065,35699400
27-APR-2018,INE114A01011,STEEL AUTHORITY OF INDIA,SAIL,206528041,107664000
27-APR-2018,INE685A01028,TORRENT PHARMACEUTICALS L,TORNTPHARM,9731600,430000
27-APR-2018,INE860A01027,HCL TECHNOLOGIES LTD,HCLTECH,110848770,11092200
27-APR-2018,INE258A01016,BEML LIMITED,BEML,3828900,2388600
27-APR-2018,INE038A01020,HINDALCO  INDUSTRIES  LTD,HINDALCO,293309929,59178000
27-APR-2018,INE090A01021,ICICI BANK LTD.,ICICIBANK,974488314,100465750
27-APR-2018,INE628A01036,UPL LIMITED,UPL,73327109,12396000
27-APR-2018,INE055A01016,CENTURY TEXTILES LTD,CENTURYTEX,11123542,6664900
27-APR-2018,INE095N01031,NBCC (INDIA) LIMITED,NBCC,91788934,20712000
27-APR-2018,INE414G01012,MUTHOOT FINANCE LIMITED,MUTHOOTFIN,21090008,1635000
27-APR-2018,INE836A01035,KPIT TECHNOLOGIES LTD,KPIT,30324528,9621000
27-APR-2018,INE044A01036,SUN PHARMACEUTICAL IND L,SUNPHARMA,218890793,62625200
27-APR-2018,INE070A01015,SHREE CEMENT LIMITED,SHREECEM,2453485,81500
27-APR-2018,INE101A01026,MAHINDRA & MAHINDRA LTD,M&M,173001298,15146000
27-APR-2018,INE121J01017,BHARTI INFRATEL LTD.,INFRATEL,171806839,8297700
27-APR-2018,INE002S01010,MAHANAGAR GAS LTD.,MGL,6914463,3537600
27-APR-2018,INE976G01028,RBL BANK LIMITED,RBLBANK,72575162,5988000
27-APR-2018,INE614B01018,KARNATAKA BANK LIMITED,KTKBANK,56521465,28287900
27-APR-2018,INE455F01025,JAIPRAKASH ASSOCIATES LTD,JPASSOCIAT,295969727,235994000
27-APR-2018,INE042A01014,ESCORTS INDIA LTD,ESCORTS,14699078,4436300
27-APR-2018,INE667A01018,SYNDICATE BANK,SYNDIBANK,76346533,35577000
27-APR-2018,INE160A01022,PUNJAB NATIONAL BANK,PNB,208425616,83740000
27-APR-2018,INE428A01015,ALLAHABAD BANK,ALBK,50696289,16560000
27-APR-2018,INE669C01036,TECH MAHINDRA LIMITED,TECHM,125241614,14418000
27-APR-2018,INE494B01023,TVS MOTOR COMPANY  LTD,TVSMOTOR,40480865,5249000
27-APR-2018,INE196A01026,MARICO LIMITED,MARICO,103621897,6960200
27-APR-2018,INE239A01016,NESTLE INDIA LIMITED,NESTLEIND,7180127,292200
27-APR-2018,INE813H01021,TORRENT POWER LTD,TORNTPOWER,44634693,4527000
27-APR-2018,INE439L01019,DALMIA BHARAT LIMITED,DALMIABHA,6904290,689400
27-APR-2018,INE477A01020,CAN FIN HOMES LTD,CANFINHOME,18517484,6383750
27-APR-2018,INE047A01021,GRASIM INDUSTRIES LTD,GRASIM,78745537,7220250
27-APR-2018,INE821I01014,IRB INFRA DEV LTD.,IRB,29963877,20187500
27-APR-2018,INE256A01028,ZEE ENTERTAINMENT ENT LTD,ZEEL,109356681,9079200
27-APR-2018,INE528G01027,YES BANK LIMITED,YESBANK,367601693,78680000
27-APR-2018,INE562A01011,INDIAN BANK,INDIANB,17411248,3530000
27-APR-2018,INE522F01014,COAL INDIA LTD,COALINDIA,266347492,19375400
27-APR-2018,INE009A01021,INFOSYS LIMITED,INFY,378288200,45104400
27-APR-2018,INE854D01016,UNITED SPIRITS LIMITED,MCDOWELL-N,12068662,2289250
27-APR-2018,INE172A01027,CASTROL INDIA LIMITED,CASTROLIND,96933993,13006000
27-APR-2018,INE013A01015,RELIANCE CAPITAL LTD,RELCAPITAL,23710289,14289750
27-APR-2018,INE438A01022,APOLLO TYRES LTD,APOLLOTYRE,69294651,13167000
27-APR-2018,INE180K01011,BHARAT FIN INCLUSION LTD,BHARATFIN,27329464,5193500
27-APR-2018,INE330H01018,RELIANCE COMMUNICATIONS L,RCOM,254661510,155148000
27-APR-2018,INE245A01021,TATA POWER CO LTD,TATAPOWER,362314608,52776000
27-APR-2018,INE951I01027,V-GUARD IND LTD.,VGUARD,30178284,3009000
27-APR-2018,INE075A01022,WIPRO LTD,WIPRO,227432427,37152000
27-APR-2018,INE043D01016,IDFC LIMITED,IDFC,319270913,173619600
27-APR-2018,INE176A01028,BATA INDIA LTD,BATAINDIA,12092405,2832500
27-APR-2018,INE584A01023,NMDC LTD.,NMDC,158552856,29010000
27-APR-2018,INE259A01022,COLGATE PALMOLIVE LTD.,COLPAL,26654592,1416100
27-APR-2018,INE021A01026,ASIAN PAINTS LIMITED,ASIANPAINT,90562661,4764600
27-APR-2018,INE881D01027,ORACLE FIN SERV SOFT LTD.,OFSS,4464383,93300
27-APR-2018,INE101D01020,GRANULES INDIA LIMITED,GRANULES,27949352,16065000
27-APR-2018,INE081A01012,TATA STEEL LIMITED,TATASTEEL,141476734,25624211
27-APR-2018,INE614G01033,RELIANCE POWER LTD.,RPOWER,140226953,78962000
27-APR-2018,INE646L01027,INTERGLOBE AVIATION LTD,INDIGO,19252087,3368400
27-APR-2018,INE095A01012,INDUSIND BANK LIMITED,INDUSINDBK,89045202,7006500
27-APR-2018,INE742F01042,ADANI PORT & SEZ LTD,ADANIPORTS,141806137,17055000
27-APR-2018,INE008A01015,IDBI BANK LIMITED,IDBI,107140375,62890000
27-APR-2018,INE040H01021,SUZLON ENERGY LIMITED,SUZLON,851588480,359495000
27-APR-2018,INE883A01011,MRF LTD,MRF,614871,36945
27-APR-2018,INE178A01016,CHENNAI PETROLEUM CORP LT,CHENNPETRO,9742660,3205500
27-APR-2018,INE877F01012,PTC INDIA LIMITED,PTC,49601664,22944000
27-APR-2018,INE483S01020,INFIBEAM INCORP. LIMITED,INFIBEAM,59054966,32396000
27-APR-2018,INE510A01028,ENGINEERS INDIA LTD,ENGINERSIN,60644337,9884000
27-APR-2018,INE669E01016,IDEA CELLULAR LIMITED,IDEA,500593434,150143000
27-APR-2018,INE424H01027,SUN TV NETWORK LIMITED,SUNTV,19704232,6690000
27-APR-2018,INE486A01013,CESC LTD,CESC,13275380,6376150
27-APR-2018,INE836F01026,DISH TV INDIA LTD.,DISHTV,75827223,53032000
27-APR-2018,INE016A01026,DABUR INDIA LTD,DABUR,112543966,12980000
27-APR-2018,INE591G01017,NIIT TECHNOLOGIES LTD,NIITTECH,8516881,2786250
27-APR-2018,IN9155A01020,TATA MOTORS DVR 'A' ORD,TATAMTRDVR,101602140,28207500
27-APR-2018,INE688I01017,CAPITAL FIRST LIMITED,CAPF,12740896,7363200
27-APR-2018,INE102D01028,GODREJ CONSUMER PRODUCTS,GODREJCP,50067470,2438400
27-APR-2018,INE323A01026,BOSCH LIMITED,BOSCHLTD,1801607,156150
27-APR-2018,INE612J01015,REPCO HOME FINANCE LTD,REPCOHOME,7866151,851400
27-APR-2018,INE191H01014,PVR LIMITED,PVR,7454656,876000
27-APR-2018,INE267A01025,HINDUSTAN ZINC LIMITED,HINDZINC,296432938,13395200
27-APR-2018,INE302A01020,EXIDE INDUSTRIES LTD,EXIDEIND,91809066,10428000
27-APR-2018,INE067A01029,CG POWER AND IND SOL LTD,CGPOWER,82091508,22752000
27-APR-2018,INE298A01020,CUMMINS INDIA LTD,CUMMINSIND,27165463,882600
27-APR-2018,INE752E01010,POWER GRID CORP. LTD.,POWERGRID,450854977,33240000
27-APR-2018,INE158A01026,HERO MOTOCORP LIMITED,HEROMOTOCO,26108187,1840200
27-APR-2018,INE040A01026,HDFC BANK LTD,HDFCBANK,314783873,24414500
27-APR-2018,INE918I01018,BAJAJ FINSERV LTD.,BAJAJFINSV,13255977,720625
